Grupo,Tecnologia,Escala,Nombre_establecimiento,Estrato_personal,ID_DENUE
ASIATICA__MICRO_0_5,Cocina asiática,MICRO_0_5,AHSAI MAKIS,0 a 5 personas,11040341
ASIATICA__PEQUENA_6_10,Cocina asiática,PEQUENA_6_10,AJUMMA,6 a 10 personas,9874701
ASIATICA__MICRO_0_5,Cocina asiática,MICRO_0_5,ALEBRIJES SUSHI,0 a 5 personas,10082619
MEXICANA_REGIONAL__MICRO_0_5,Cocina mexicana / regional,MICRO_0_5,ANTOJITOS LOLITA,0 a 5 personas,9843460
MEXICANA_REGIONAL__MICRO_0_5,Cocina mexicana / regional,MICRO_0_5,ANTOJITOS MEXICANOS EL113,0 a 5 personas,2558856
MEXICANA_REGIONAL__MICRO_0_5,Cocina mexicana / regional,MICRO_0_5,ANTOJITOS MEXICANOS LOS DEL VIVERO,0 a 5 personas,10318519
ASIATICA__PEQUENA_6_10,Cocina asiática,PEQUENA_6_10,AQUILES COCINA ORIENTAL,6 a 10 personas,8475843
ASIATICA__PEQUENA_6_10,Cocina asiática,PEQUENA_6_10,ARIGATO COCINA JAPONESA,6 a 10 personas,8451446
ASIATICA__MICRO_0_5,Cocina asiática,MICRO_0_5,ARIGATO COMIDA JAPONESA,0 a 5 personas,11837375
ASIATICA__PEQUENA_6_10,Cocina asiática,PEQUENA_6_10,ARIGATO COMIDA JAPONESA,6 a 10 personas,2733987
ASIATICA__MICRO_0_5,Cocina asiática,MICRO_0_5,ARIGATOS COCINA JAPONESA,0 a 5 personas,2610424
BAR_RESTAURANTE__MEDIANA_11_30,Restaurante-bar / cantina / pub,MEDIANA_11_30,BAMBU TROPICAL BAR,11 a 30 personas,11144639
BAR_RESTAURANTE__MICRO_0_5,Restaurante-bar / cantina / pub,MICRO_0_5,BAR BANCO,0 a 5 personas,10609876
BAR_RESTAURANTE__MICRO_0_5,Restaurante-bar / cantina / pub,MICRO_0_5,BAR BLACK RUST BAR,0 a 5 personas,11772421
BAR_RESTAURANTE__MEDIANA_11_30,Restaurante-bar / cantina / pub,MEDIANA_11_30,BAR DRINKY MONKEY CLUB ANTISOCIAL,11 a 30 personas,11730315
BAR_RESTAURANTE__PEQUENA_6_10,Restaurante-bar / cantina / pub,PEQUENA_6_10,BAR EL BARRIO,6 a 10 personas,11482775
BAR_RESTAURANTE__MICRO_0_5,Restaurante-bar / cantina / pub,MICRO_0_5,BAR ESTACION CENTRAL,0 a 5 personas,11839312
BAR_RESTAURANTE__MICRO_0_5,Restaurante-bar / cantina / pub,MICRO_0_5,BAR QUINTILA CHELERIA,0 a 5 personas,11213071
BAR_RESTAURANTE__MICRO_0_5,Restaurante-bar / cantina / pub,MICRO_0_5,BAR VAMPIROS,0 a 5 personas,2573428
BAR_RESTAURANTE__MICRO_0_5,Restaurante-bar / cantina / pub,MICRO_0_5,BAR ZONA CERO,0 a 5 personas,11192598
ASIATICA__PEQUENA_6_10,Cocina asiática,PEQUENA_6_10,BODEGA DE ALIMENTOS COMIDA JAPONESA,6 a 10 personas,2612319
ASIATICA__MICRO_0_5,Cocina asiática,MICRO_0_5,BONSAI COMIDA JAPONESA,0 a 5 personas,11382960
BAR_RESTAURANTE__MICRO_0_5,Restaurante-bar / cantina / pub,MICRO_0_5,BOTANERO SABROSISIMO II,0 a 5 personas,2564236
ASIATICA__MICRO_0_5,Cocina asiática,MICRO_0_5,BUFETE DE COMIDA CHINA,0 a 5 personas,2630914
ASIATICA__MICRO_0_5,Cocina asiática,MICRO_0_5,CALIFORNIA ROLL Y YAKIMESHI,0 a 5 personas,11060422
ASIATICA__MICRO_0_5,Cocina asiática,MICRO_0_5,CHES DOUMS RESTAURANTE DE COMIDA JAPONESA,0 a 5 personas,10352253
ASIATICA__MICRO_0_5,Cocina asiática,MICRO_0_5,CHINA LIO,0 a 5 personas,9551904
ASIATICA__PEQUENA_6_10,Cocina asiática,PEQUENA_6_10,CHINA S COCINA,6 a 10 personas,2748930
FONDA_COMIDA_CORRIDA__MICRO_0_5,Fonda / comida corrida / cocina económica,MICRO_0_5,COCINA ECONOMICA,0 a 5 personas,2579552
FONDA_COMIDA_CORRIDA__MICRO_0_5,Fonda / comida corrida / cocina económica,MICRO_0_5,COCINA ECONOMICA,0 a 5 personas,11679693
FONDA_COMIDA_CORRIDA__MICRO_0_5,Fonda / comida corrida / cocina económica,MICRO_0_5,COCINA ECONOMICA CHEPIS,0 a 5 personas,7020105
FONDA_COMIDA_CORRIDA__MICRO_0_5,Fonda / comida corrida / cocina económica,MICRO_0_5,COCINA ECONOMICA EL ARBOL,0 a 5 personas,10923103
FONDA_COMIDA_CORRIDA__MICRO_0_5,Fonda / comida corrida / cocina económica,MICRO_0_5,COCINA ECONOMICA EL BUEN SAZON,0 a 5 personas,9755088
FONDA_COMIDA_CORRIDA__MICRO_0_5,Fonda / comida corrida / cocina económica,MICRO_0_5,COCINA ECONOMICA EL LOCALITO,0 a 5 personas,2703937
FONDA_COMIDA_CORRIDA__MICRO_0_5,Fonda / comida corrida / cocina económica,MICRO_0_5,COCINA ECONOMICA EL PALADAR,0 a 5 personas,2627057
FONDA_COMIDA_CORRIDA__MICRO_0_5,Fonda / comida corrida / cocina económica,MICRO_0_5,COCINA ECONOMICA HUETAMO,0 a 5 personas,9918766
FONDA_COMIDA_CORRIDA__MICRO_0_5,Fonda / comida corrida / cocina económica,MICRO_0_5,COCINA ECONOMICA MONCHIS,0 a 5 personas,10615892
FONDA_COMIDA_CORRIDA__MICRO_0_5,Fonda / comida corrida / cocina económica,MICRO_0_5,COCINA ECONOMICA VALKY,0 a 5 personas,10382816
ASIATICA__MICRO_0_5,Cocina asiática,MICRO_0_5,COCINA ORIENTAL THAI,0 a 5 personas,2704849
ASIATICA__MICRO_0_5,Cocina asiática,MICRO_0_5,COCINA ORIENTAL THAI MAKI YAKI,0 a 5 personas,2616033
ASIATICA__PEQUENA_6_10,Cocina asiática,PEQUENA_6_10,COCOCO COMIDA COREANA,6 a 10 personas,10692790
FONDA_COMIDA_CORRIDA__MICRO_0_5,Fonda / comida corrida / cocina económica,MICRO_0_5,COMEDOR DIANA,0 a 5 personas,2574957
FONDA_COMIDA_CORRIDA__MICRO_0_5,Fonda / comida corrida / cocina económica,MICRO_0_5,COMEDOR LA ENCOMIENDA,0 a 5 personas,2564674
FONDA_COMIDA_CORRIDA__MICRO_0_5,Fonda / comida corrida / cocina económica,MICRO_0_5,COMEDOR LAS TARASCAS,0 a 5 personas,2574918
FONDA_COMIDA_CORRIDA__MICRO_0_5,Fonda / comida corrida / cocina económica,MICRO_0_5,COMEDOR MECHE,0 a 5 personas,2574917
FONDA_COMIDA_CORRIDA__MICRO_0_5,Fonda / comida corrida / cocina económica,MICRO_0_5,COMEDOR ZUÑIGA,0 a 5 personas,10255114
FONDA_COMIDA_CORRIDA__MICRO_0_5,Fonda / comida corrida / cocina económica,MICRO_0_5,COMIDA CASERA,0 a 5 personas,11505844
FONDA_COMIDA_CORRIDA__MICRO_0_5,Fonda / comida corrida / cocina económica,MICRO_0_5,COMIDA CASERA ELY,0 a 5 personas,9751275
ASIATICA__MICRO_0_5,Cocina asiática,MICRO_0_5,COMIDA CHINA CAFE CHINA,0 a 5 personas,11838503
ASIATICA__MICRO_0_5,Cocina asiática,MICRO_0_5,COMIDA CHINA CHIN CHIN,0 a 5 personas,7271198
ASIATICA__MICRO_0_5,Cocina asiática,MICRO_0_5,COMIDA CHINA CHINA LIBRE,0 a 5 personas,10784173
ASIATICA__MICRO_0_5,Cocina asiática,MICRO_0_5,COMIDA CHINA EL DRAGON,0 a 5 personas,10800862
ASIATICA__MICRO_0_5,Cocina asiática,MICRO_0_5,COMIDA CHINA EL DRAGONCITO,0 a 5 personas,6958176
ASIATICA__MICRO_0_5,Cocina asiática,MICRO_0_5,COMIDA CHINA EXPRESS DRAGON CITY,0 a 5 personas,2615271
ASIATICA__MICRO_0_5,Cocina asiática,MICRO_0_5,COMIDA CHINA KING,0 a 5 personas,2579909
ASIATICA__MICRO_0_5,Cocina asiática,MICRO_0_5,COMIDA CHINA LA GRAN MURALLA,0 a 5 personas,10516913
ASIATICA__MICRO_0_5,Cocina asiática,MICRO_0_5,COMIDA CHINA ORIGINAL,0 a 5 personas,11667886
ASIATICA__MICRO_0_5,Cocina asiática,MICRO_0_5,COMIDA CHINA TOKIO SHAPIRO,0 a 5 personas,11089687
ASIATICA__MICRO_0_5,Cocina asiática,MICRO_0_5,COMIDA CHINA Y ANOTJITOS MEXICANOS,0 a 5 personas,10683531
FONDA_COMIDA_CORRIDA__MICRO_0_5,Fonda / comida corrida / cocina económica,MICRO_0_5,COMIDA CORRIDA,0 a 5 personas,9522116
FONDA_COMIDA_CORRIDA__MICRO_0_5,Fonda / comida corrida / cocina económica,MICRO_0_5,COMIDA CORRIDA ANTOJITOS MEXICANOS,0 a 5 personas,10842404
FONDA_COMIDA_CORRIDA__MICRO_0_5,Fonda / comida corrida / cocina económica,MICRO_0_5,COMIDA CORRIDA COMEDOR CHELO,0 a 5 personas,2574953
FONDA_COMIDA_CORRIDA__MICRO_0_5,Fonda / comida corrida / cocina económica,MICRO_0_5,COMIDA CORRIDA DOÑA NATY,0 a 5 personas,9962163
FONDA_COMIDA_CORRIDA__MICRO_0_5,Fonda / comida corrida / cocina económica,MICRO_0_5,COMIDA CORRIDA FONDA KIKA,0 a 5 personas,2575036
ASIATICA__MICRO_0_5,Cocina asiática,MICRO_0_5,COMIDA JAPONESA,0 a 5 personas,8941342
ASIATICA__MICRO_0_5,Cocina asiática,MICRO_0_5,COMIDA JAPONESA FLOR DE LOTO,0 a 5 personas,8966720
ASIATICA__PEQUENA_6_10,Cocina asiática,PEQUENA_6_10,COMIDA JAPONESA GEKO,6 a 10 personas,6976150
ASIATICA__MICRO_0_5,Cocina asiática,MICRO_0_5,COMIDA JAPONESA LOTO,0 a 5 personas,2677660
ASIATICA__MICRO_0_5,Cocina asiática,MICRO_0_5,COMIDA JAPONESA MAKI JASA,0 a 5 personas,10247919
ASIATICA__MICRO_0_5,Cocina asiática,MICRO_0_5,COMIDA JAPONESA MAKIS SURO,0 a 5 personas,9118785
ASIATICA__PEQUENA_6_10,Cocina asiática,PEQUENA_6_10,COMIDA JAPONESA OISHI IZACALLA,6 a 10 personas,10403324
ASIATICA__PEQUENA_6_10,Cocina asiática,PEQUENA_6_10,COMIDA JAPONESA OISHII IZAKAYA,6 a 10 personas,10680099
ASIATICA__MICRO_0_5,Cocina asiática,MICRO_0_5,COMIDA JAPONESA WAFUL,0 a 5 personas,8219365
ASIATICA__MICRO_0_5,Cocina asiática,MICRO_0_5,COMIDA JAPONESA WAUFUU,0 a 5 personas,11742665
ASIATICA__MICRO_0_5,Cocina asiática,MICRO_0_5,COMIDA JAPONESA YOSHOKU,0 a 5 personas,8965964
MEXICANA_REGIONAL__MICRO_0_5,Cocina mexicana / regional,MICRO_0_5,COMIDA MEXICANA ECHAME,0 a 5 personas,11271881
ASIATICA__MICRO_0_5,Cocina asiática,MICRO_0_5,COMIDA ORIENTAL THAI,0 a 5 personas,10024294
ASIATICA__MICRO_0_5,Cocina asiática,MICRO_0_5,DEAZ SUSHI,0 a 5 personas,11695261
FONDA_COMIDA_CORRIDA__MICRO_0_5,Fonda / comida corrida / cocina económica,MICRO_0_5,DELI DESAYUNOS Y ALMUERZOS,0 a 5 personas,10908454
ASIATICA__MICRO_0_5,Cocina asiática,MICRO_0_5,DELIROLL COMIDA JAPONESA,0 a 5 personas,11070648
ASIATICA__MICRO_0_5,Cocina asiática,MICRO_0_5,DELIVERY SUSHI,0 a 5 personas,9875805
FONDA_COMIDA_CORRIDA__MICRO_0_5,Fonda / comida corrida / cocina económica,MICRO_0_5,DESAYUNADOR SIN NOMBRE,0 a 5 personas,9962390
FONDA_COMIDA_CORRIDA__MICRO_0_5,Fonda / comida corrida / cocina económica,MICRO_0_5,DESAYUNOS COMIDA CASERA LA COCINA DE VERO,0 a 5 personas,8965886
FONDA_COMIDA_CORRIDA__MICRO_0_5,Fonda / comida corrida / cocina económica,MICRO_0_5,DESAYUNOS LA CHILABIKE,0 a 5 personas,9605596
FONDA_COMIDA_CORRIDA__MICRO_0_5,Fonda / comida corrida / cocina económica,MICRO_0_5,DESAYUNOS MAPPLE,0 a 5 personas,10739883
FONDA_COMIDA_CORRIDA__MICRO_0_5,Fonda / comida corrida / cocina económica,MICRO_0_5,DESAYUNOS SIN NOMBRE,0 a 5 personas,10679428
FONDA_COMIDA_CORRIDA__MICRO_0_5,Fonda / comida corrida / cocina económica,MICRO_0_5,DESAYUNOS SIN NOMBRE,0 a 5 personas,10291442
FONDA_COMIDA_CORRIDA__MICRO_0_5,Fonda / comida corrida / cocina económica,MICRO_0_5,DESAYUNOS Y ALMUERZOS HANNA,0 a 5 personas,7432316
FONDA_COMIDA_CORRIDA__MICRO_0_5,Fonda / comida corrida / cocina económica,MICRO_0_5,DESAYUNOS Y ALMUERZOS MARIO,0 a 5 personas,7432319
BAR_RESTAURANTE__MICRO_0_5,Restaurante-bar / cantina / pub,MICRO_0_5,EL ANEXO RESTAURANTE BAR,0 a 5 personas,2610646
ASIATICA__MICRO_0_5,Cocina asiática,MICRO_0_5,EL CHINO,0 a 5 personas,10454667
ASIATICA__PEQUENA_6_10,Cocina asiática,PEQUENA_6_10,ELABORACION DE COMIDA CHINA LA CASA DEL DRAGON,6 a 10 personas,2556634
MEXICANA_REGIONAL__MICRO_0_5,Cocina mexicana / regional,MICRO_0_5,ENCHILADERIA EL SABOR DE APATZINGAN,0 a 5 personas,11066694
BAR_RESTAURANTE__PEQUENA_6_10,Restaurante-bar / cantina / pub,PEQUENA_6_10,ESCAPULARIO MEZCALERIA,6 a 10 personas,11051578
ASIATICA__PEQUENA_6_10,Cocina asiática,PEQUENA_6_10,FLOR DE LOTO SUCURSAL LAS AMERICAS,6 a 10 personas,8475252
FONDA_COMIDA_CORRIDA__MICRO_0_5,Fonda / comida corrida / cocina económica,MICRO_0_5,FONDA CHERRIES,0 a 5 personas,2611685
FONDA_COMIDA_CORRIDA__MICRO_0_5,Fonda / comida corrida / cocina económica,MICRO_0_5,FONDA HUETAMO,0 a 5 personas,10384120
FONDA_COMIDA_CORRIDA__MICRO_0_5,Fonda / comida corrida / cocina económica,MICRO_0_5,FONDA JATZIRI,0 a 5 personas,11373782
FONDA_COMIDA_CORRIDA__MICRO_0_5,Fonda / comida corrida / cocina económica,MICRO_0_5,FONDA LA BRAVA,0 a 5 personas,9374003
FONDA_COMIDA_CORRIDA__MICRO_0_5,Fonda / comida corrida / cocina económica,MICRO_0_5,FONDA LA CABAÑITA,0 a 5 personas,2627766
